Comune,Store Name,Address,Store Link
Gorgonzola,Esselunga di Gessate,"VIA DELLA FILANDA, 1, 20060 GESSATE (MI)",https://www.esselunga.it/it-it/negozi/negozio.esselunga-di-gessate.ges.html
Pisa,Esselunga di Pisa,"PISA - VIA CISANELLO, 56124 PISA (PI)",https://www.esselunga.it/it-it/negozi/negozio.esselunga-di-pisa.isa.html
Stresa,Esselunga di Verbania,"VIALE AZARI, 94, 28922 VERBANIA (VB)",https://www.esselunga.it/it-it/negozi/negozio.esselunga-di-verbania.vep.html
Montorfano,Esselunga di Lipomo,"VIA PROVINCIALE 1, 22030 LIPOMO (CO)",https://www.esselunga.it/it-it/negozi/negozio.esselunga-di-lipomo.omo.html
Montorfano,Esselunga di Como - via Ambrosoli,"VIA CARLONI (ANG. VIA AMBROSOLI), 22100 COMO (CO)",https://www.esselunga.it/it-it/negozi/negozio.esselunga-di-como---via-ambrosoli.com.html
Corsico,Esselunga di Buccinasco,"VIA DEGLI ALPINI, 20090 BUCCINASCO (MI)",https://www.esselunga.it/it-it/negozi/negozio.esselunga-di-buccinasco.buc.html
Corsico,Esselunga di via Lorenteggio,"VIA LORENTEGGIO, 219, 20147 MILANO (MI)",https://www.esselunga.it/it-it/negozi/negozio.esselunga-di-via-lorenteggio-milano.lor.html
Corsico,Esselunga di Corsico,"VIALE DELLE INDUSTRIA, 4, 20094 CORSICO (MI)",https://www.esselunga.it/it-it/negozi/negozio.esselunga-di-corsico.cco.html
Corsico,Esselunga di via Forze Armate,"VIA DELLE FORZE ARMATE (ANG. VIA VAL DEVERO), 199, 20152 MILANO (MI)",https://www.esselunga.it/it-it/negozi/negozio.esselunga-di-via-forze-armate-milano.far.html
Corsico,Esselunga di viale Cassala,"VIALE CASSALA, 22, 20143 MILANO (MI)",https://www.esselunga.it/it-it/negozi/negozio.esselunga-di-viale-cassala-milano.css.html
Corsico,Esselunga di viale Famagosta,"VIALE FAMAGOSTA, 56, 20142 MILANO (MI)",https://www.esselunga.it/it-it/negozi/negozio.esselunga-di-viale-famagosta-milano.fam.html
Corsico,Esselunga di via Novara,"VIA NOVARA, 86, 20153 MILANO (MI)",https://www.esselunga.it/it-it/negozi/negozio.esselunga-di-via-novara-milano.sir.html
Corsico,Esselunga di via Morgantini,"VIA MORGANTINI, 15, 20148 MILANO (MI)",https://www.esselunga.it/it-it/negozi/negozio.esselunga-di-via-morgantini-milano.mor.html
Corsico,Esselunga di via Washington,"VIA WASHINGTON,53, 20146 MILANO (MI)",https://www.esselunga.it/it-it/negozi/negozio.esselunga-di-via-washington-milano.was.html
Corsico,Esselunga di via Solari,"VIA SOLARI, 29, 20144 MILANO (MI)",https://www.esselunga.it/it-it/negozi/negozio.esselunga-di-via-solari-milano.soa.html
Corsico,laESSE MILANO CORSO VERCELLI,"Via Cimarosa 4, angolo Corso Vercelli, 20144 Milano (MI)",https://www.esselunga.it/it-it/negozi/negozio.laesse-milano-corso-vercelli.elir.html
Corsico,Esselunga di viale Papiniano,"VIALE PAPINIANO, 27, 20123 MILANO (MI)",https://www.esselunga.it/it-it/negozi/negozio.esselunga-di-viale-papiniano-milano.pap.html
Corsico,Esselunga di via Monte Rosa,"VIA MONTE ROSA (ANG. VIA DOMENICHINO), 20149 MILANO (MI)",https://www.esselunga.it/it-it/negozi/negozio.esselunga-di-via-monte-rosa-milano.ros.html
Corsico,Esselunga di viale Vigliani,"VIALE VIGLIANI, 59, 20148 MILANO (MI)",https://www.esselunga.it/it-it/negozi/negozio.esselunga-di-viale-vigliani-milano.vig.html
Corsico,laESSE MILANO TEODORICO,"Viale Teodorico n. 18 - Milano, 20149 MILANO (MI)",https://www.esselunga.it/it-it/negozi/negozio.laesse-milano-teodorico.teor.html
Corsico,Esselunga di Settimo Milanese,"VIA GRAMSCI, 115, 20019 SETTIMO MILANESE (MI)",https://www.esselunga.it/it-it/negozi/negozio.esselunga-di-settimo-milanese.set.html
Corsico,Esselunga di via Losanna,"VIA LOSANNA, 20/22, 20154 MILANO (MI)",https://www.esselunga.it/it-it/negozi/negozio.esselunga-di-via-losanna-milano.los.html
Corsico,Esselunga di Rozzano,"VIA MANZONI, 5, 20089 ROZZANO (MI)",https://www.esselunga.it/it-it/negozi/negozio.esselunga-di-rozzano.roz.html
Corsico,Esselunga di via Mac Mahon,"VIA MAC MAHON, 128, 20155 MILANO (MI)",https://www.esselunga.it/it-it/negozi/negozio.esselunga-di-via-mac-mahon-milano.mac.html
Caravaggio,Esselunga di Treviglio,"Via Caravaggio n. 37 - Treviglio (BG), 24047 Treviglio (BG)",https://www.esselunga.it/it-it/negozi/negozio.esselunga-di-treviglio.tev.html
Buggiano,Esselunga di Montecatini,"VIA PROVINCIALE LUCCHESE, 45, 51016 MONTECATINI TERME (PT)",https://www.esselunga.it/it-it/negozi/negozio.esselunga-di-montecatini-montecatini-terme.mon.html
Buggiano,Esselunga di Montecatini Nievoletta,"VIA GENTILE 2/A , 51016 MONTECATINI TERME (PT)",https://www.esselunga.it/it-it/negozi/negozio.esselunga-di-montecatini-nievoletta-montecatini-terme.mot.html
Buggiano,Esselunga di Pescia,"VIALE MARCONI, 51017 PESCIA (PT)",https://www.esselunga.it/it-it/negozi/negozio.esselunga-di-pescia.pes.html
Melegnano,Esselunga di San Giuliano,"VIA L. TOLSTOJ (ANG. VIA EMILIA), 20098 SAN GIULIANO MILANESE (MI)",https://www.esselunga.it/it-it/negozi/negozio.esselunga-di-san-giuliano-san-giuliano-milanese.giu.html
Melegnano,Esselunga di San Donato Milanese,"VIA DELL'UNIONE EUROPEA, 8, 20097 SAN DONATO MILANESE (MI)",https://www.esselunga.it/it-it/negozi/negozio.esselunga-di-san-donato-milanese.don.html
Melegnano,Esselunga di Pantigliate,"VIA VECCHIA PAULLESE , 15, 20090 PANTIGLIATE (MI)",https://www.esselunga.it/it-it/negozi/negozio.esselunga-di-pantigliate.pan.html
Sumirago,Esselunga di Gallarate,"VIA PEGORARO 2/C, 21013 GALLARATE (VA)",https://www.esselunga.it/it-it/negozi/negozio.esselunga-di-gallarate.gal.html
Sumirago,Esselunga di Varese Malerba,"VIALE GASPAROTTO, 77, 21100 VARESE (VA)",https://www.esselunga.it/it-it/negozi/negozio.esselunga-di-varese-malerba.eva.html
Sumirago,Esselunga di viale Borri,"VIALE BORRI (ANG. VIA COLONNA), 21100 VARESE (VA)",https://www.esselunga.it/it-it/negozi/negozio.esselunga-di-viale-borri-varese.vab.html
Cressa,Esselunga di Borgomanero,"VIALE KENNEDY, 4, 28021 BORGOMANERO (NO)",https://www.esselunga.it/it-it/negozi/negozio.esselunga-di-borgomanero.ero.html
Stezzano,Esselunga di Stezzano,"VIA GUZZANICA 60/62, 24040 STEZZANO (BG)",https://www.esselunga.it/it-it/negozi/negozio.esselunga-di-stezzano.ste.html
Stezzano,Esselunga di via San Bernardino,"VIA SAN BERNARDINO (ANG. VIA SPINO), 24126 BERGAMO (BG)",https://www.esselunga.it/it-it/negozi/negozio.esselunga-di-via-san-bernardino-bergamo.sbe.html
Stezzano,Esselunga di Curno,"VIA BERGAMO, 48, 24035 CURNO (BG)",https://www.esselunga.it/it-it/negozi/negozio.esselunga-di-curno.cur.html
Stezzano,Esselunga della Celadina,"VIA BORGO PALAZZO, 217, 24125 BERGAMO (BG)",https://www.esselunga.it/it-it/negozi/negozio.esselunga-della-celadina-bergamo.bec.html
Stezzano,Esselunga di via Corridoni,"VIA CORRIDONI, 30, 24100 BERGAMO (BG)",https://www.esselunga.it/it-it/negozi/negozio.esselunga-di-via-corridoni-bergamo.ber.html
Poggio a Caiano,Esselunga Leonardo da Vinci,"via Fiorentina, 1, 59100 PRATO (PO)",https://www.esselunga.it/it-it/negozi/negozio.esselunga-leonardo-da-vinci-prato.leo.html
Paderno Dugnano,Esselunga di Cusano Milanino,"Viale Unione n. 2, 20095 CUSANO MILANINO (MI)",https://www.esselunga.it/it-it/negozi/negozio.esselunga-di-cusano-milanino.cum.html
Paderno Dugnano,Esselunga di Varedo,"VIA PASTRENGO, 111, 20814 VAREDO (MB)",https://www.esselunga.it/it-it/negozi/negozio.esselunga-di-varedo.edo.html
Paderno Dugnano,Esselunga di Bresso,"VIA XXV APRILE, 20091 BRESSO (MI)",https://www.esselunga.it/it-it/negozi/negozio.esselunga-di-bresso.ess.html
Paderno Dugnano,Esselunga di Desio,"VIA CARAVAGGIO (EX VIA TOGLIATTI), 1, 20832 DESIO (MB)",https://www.esselunga.it/it-it/negozi/negozio.esselunga-di-desio.des.html
Paderno Dugnano,Esselunga di Baranzate,"VIA STELLA ROSA, 20021 BARANZATE (MI)",https://www.esselunga.it/it-it/negozi/negozio.esselunga-di-baranzate.bab.html
Paderno Dugnano,Esselunga di Affori,"VIA PELLEGRINO ROSSI, 63, 20161 MILANO (MI)",https://www.esselunga.it/it-it/negozi/negozio.esselunga-di-affori-milano.aff.html
Paderno Dugnano,Esselunga di viale Suzzani,"VIALE SUZZANI, 221, 20162 MILANO (MI)",https://www.esselunga.it/it-it/negozi/negozio.esselunga-di-viale-suzzani-milano.suz.html
Paderno Dugnano,EsselungaLab MILANO INNOVATION DISTRICT,"Viale Decumano, 39, 20157 MILANO (MI)",https://www.esselunga.it/it-it/negozi/negozio.esselungalab-milano-innovation-district.minr.html
Paderno Dugnano,Esselunga di Milano Certosa,"VIA PALIZZI, 69, 20157 MILANO (MI)",https://www.esselunga.it/it-it/negozi/negozio.esselunga-di-milano-certosa.mic.html
Paderno Dugnano,Esselunga di viale Zara,"VIALE ZARA, 123, 20159 MILANO (MI)",https://www.esselunga.it/it-it/negozi/negozio.esselunga-di-viale-zara-milano.zar.html
Senna Comasco,Esselunga di Como Camerlata,"VIA PASQUALE PAOLI 6, 22100 COMO (CO)",https://www.esselunga.it/it-it/negozi/negozio.esselunga-di-como-camerlata.ata.html
Pistoia,Esselunga di Pistoia,"VIALE MATTEOTTI, 15, 51100 PISTOIA (PT)",https://www.esselunga.it/it-it/negozi/negozio.esselunga-di-pistoia.oia.html
Pistoia,Esselunga di Porta Nuova,"VIA PORTA NUOVA, 1, 51100 PISTOIA (PT)",https://www.esselunga.it/it-it/negozi/negozio.esselunga-di-porta-nuova-pistoia.pit.html
Novara,Esselunga di Novara,"CORSO VERCELLI, 102, 28100 NOVARA (NO)",https://www.esselunga.it/it-it/negozi/negozio.esselunga-di-novara.nov.html
Novara,Esselunga di corso della Vittoria,"VIA MARIO PAVESI, 7, 28100 NOVARA (NO)",https://www.esselunga.it/it-it/negozi/negozio.esselunga-di-corso-della-vittoria-novara.non.html
Soliera,Esselunga di Soliera,"via Modena Carpi 250 - località Appalto, 41019 SOLIERA (MO)",https://www.esselunga.it/it-it/negozi/negozio.esselunga-di-soliera.app.html
Cislago,Esselunga di Saronno,"VIA NOVARA, 50/52, 21047 SARONNO (VA)",https://www.esselunga.it/it-it/negozi/negozio.esselunga-di-saronno.onn.html
Cislago,Esselunga del Sempione,"GALLERIA CANTONI 2/4, 20025 LEGNANO (MI)",https://www.esselunga.it/it-it/negozi/negozio.esselunga-del-sempione-legnano.leg.html
Pettinengo,Esselunga di Biella,"VIA LAMARMORA, 5/A, 13900 BIELLA (BI)",https://www.esselunga.it/it-it/negozi/negozio.esselunga-di-biella.bie.html
Pettinengo,Esselunga di Quaregna,"VIA MARTIRI DELLA LIBERTA', 1, 13854 QUAREGNA (BI)",https://www.esselunga.it/it-it/negozi/negozio.esselunga-di-quaregna.qua.html
Settimo Milanese,Esselunga di Cascina Merlata,"via Gottlieb Wilhelm Daimler n. 61, 20151 MILANO (MI)",https://www.esselunga.it/it-it/negozi/negozio.esselunga-di-cascina-merlata-milano.met.html
Settimo Milanese,Esselunga di Rho,"CORSO EUROPA (ANG. VIA DI GIACOMO), 20017 RHO (MI)",https://www.esselunga.it/it-it/negozi/negozio.esselunga-di-rho.rho.html
Villasanta,Esselunga di viale Libertà,"VIALE LIBERTA' (ANG. VIALE STUCCHI), 20900 MONZA (MB)",https://www.esselunga.it/it-it/negozi/negozio.esselunga-di-viale-libert%C3%A0-monza.onz.html
Villasanta,Esselunga di Arcore,"VIA FERRUCCIO GILERA, 20862 ARCORE (MB)",https://www.esselunga.it/it-it/negozi/negozio.esselunga-di-arcore.arc.html
Villasanta,Esselunga di via Buonarroti,"VIA BUONARROTI, 20900 MONZA (MB)",https://www.esselunga.it/it-it/negozi/negozio.esselunga-di-via-buonarroti-monza.buo.html
Villasanta,Esselunga di Macherio,"VIA VOLTA (ANG.VIA F.LLI CERVI), 20846 MACHERIO (MB)",https://www.esselunga.it/it-it/negozi/negozio.esselunga-di-macherio.che.html
Villasanta,Esselunga di Vimercate,"VIA FALCONE E BORSELLINO, 6, 20871 VIMERCATE (MB)",https://www.esselunga.it/it-it/negozi/negozio.esselunga-di-vimercate.vim.html
Villasanta,Esselunga di San Fruttuoso,"VIA BREMBO, 4 - LOCALITA' SAN FRUTTUOSO, 20900 MONZA (MB)",https://www.esselunga.it/it-it/negozi/negozio.esselunga-di-san-fruttuoso-monza.fru.html
Villasanta,Esselunga di Cologno Monzese,"VIALE LOMBARDIA, 111, 20093 COLOGNO MONZESE (MI)",https://www.esselunga.it/it-it/negozi/negozio.esselunga-di-cologno-monzese.gno.html
Fino Mornasco,Esselunga di Fino Mornasco,"VIALE RISORGIMENTO, 34, 22073 Fino Mornasco (CO)",https://www.esselunga.it/it-it/negozi/negozio.esselunga-di-fino-mornasco.fom.html
Briosco,Esselunga di Giussano,"VIA POLA - LOCALITA' PAINA, 20833 GIUSSANO (MB)",https://www.esselunga.it/it-it/negozi/negozio.esselunga-di-giussano.uss.html
Briosco,Esselunga di Seregno,"VIALE DELLA REPUBBLICA (ANG. VIA MONTELLO), 20831 SEREGNO (MB)",https://www.esselunga.it/it-it/negozi/negozio.esselunga-di-seregno.sva.html
Bisuschio,Esselunga di Induno Olona,"VIA RONCHETTI, 20, 21056 INDUNO OLONA (VA)",https://www.esselunga.it/it-it/negozi/negozio.esselunga-di-induno-olona.ind.html
Lecco,Esselunga di Lecco,"VIA B. BUOZZI, 15, 23900 LECCO (LC)",https://www.esselunga.it/it-it/negozi/negozio.esselunga-di-lecco.lec.html
Brescia,Esselunga della Volta,"VIA DELLA VOLTA, 25100 BRESCIA (BS)",https://www.esselunga.it/it-it/negozi/negozio.esselunga-della-volta-brescia.lav.html
Brescia,Esselunga di via Milano,"VIA MILANO (ANG. VIA PASCOLI), 25126 BRESCIA (BS)",https://www.esselunga.it/it-it/negozi/negozio.esselunga-di-via-milano-brescia.bre.html
Brescia,Esselunga di Triumplina,"Via Triumplina, 41, 25123 Brescia (BS)",https://www.esselunga.it/it-it/negozi/negozio.esselunga-di-triumplina-brescia.tri.html
San Giorgio su Legnano,Esselunga di viale Sabotino,"LEGNANO (MI) - VIA NOVARA 29/31, 20025 LEGNANO (MI)",https://www.esselunga.it/it-it/negozi/negozio.esselunga-di-viale-sabotino-legnano.sab.html
San Giorgio su Legnano,Esselunga di Castellanza,"VIALE BORRI (ANG. VIA PIEMONTE), 21053 CASTELLANZA (VA)",https://www.esselunga.it/it-it/negozi/negozio.esselunga-di-castellanza.cza.html
San Giorgio su Legnano,Esselunga di Olgiate Olona,"VIA PER FAGNANO OLONA, 10, 21057 OLGIATE OLONA (VA)",https://www.esselunga.it/it-it/negozi/negozio.esselunga-di-olgiate-olona.olo.html
Rivoli,Esselunga di Rivalta,"VIA TORINO, 50, 10040 RIVALTA DI TORINO (TO)",https://www.esselunga.it/it-it/negozi/negozio.esselunga-di-rivalta-rivalta-di-torino.riv.html
Pogliano Milanese,Esselunga di Lainate,"VIA RE UMBERTO I, 20020 LAINATE (MI)",https://www.esselunga.it/it-it/negozi/negozio.esselunga-di-lainate.lai.html
Villa d'Adda,Esselunga di Calco,"via Nazionale 3/A, 23885 CALCO (LC)",https://www.esselunga.it/it-it/negozi/negozio.esselunga-di-calco.cal.html
Vinovo,Esselunga di Moncalieri,"VIA SESTRIERE, 13/1, 10024 MONCALIERI (TO)",https://www.esselunga.it/it-it/negozi/negozio.esselunga-di-moncalieri.onc.html
Vinovo,Esselunga di corso Traiano,"CORSO TRAIANO, 131 , 10127 TORINO (TO)",https://www.esselunga.it/it-it/negozi/negozio.esselunga-di-corso-traiano-torino.tra.html
Magenta,Esselunga di Corbetta,"VIA SETTEMBRINI (ANG. VIA NIEVO), 20011 CORBETTA (MI)",https://www.esselunga.it/it-it/negozi/negozio.esselunga-di-corbetta.bet.html
Lumezzane,Esselunga di Sarezzo,"PIAZZALE EUROPA, 40, 25068 SAREZZO (BS)",https://www.esselunga.it/it-it/negozi/negozio.esselunga-di-sarezzo.sar.html
Padenghe sul Garda,Esselunga di Desenzano,"VIA MANTOVA, 1, 25015 DESENZANO DEL GARDA (BS)",https://www.esselunga.it/it-it/negozi/negozio.esselunga-di-desenzano-desenzano-del-garda.ese.html
Cuvio,Esselunga di Masnago,"VIA CARACCIOLO (ANG. VIA CAMPILUNGHI), 21100 VARESE (VA)",https://www.esselunga.it/it-it/negozi/negozio.esselunga-di-masnago-varese.ago.html
Oggiono,Esselunga di Barzanò,"VIA IV NOVEMBRE, 24, 23891 BARZANÒ (LC)",https://www.esselunga.it/it-it/negozi/negozio.esselunga-di-barzan%C3%B2.baz.html
Rivalta di Torino,Esselunga di Torino Porta Nuova,"VIA SACCHI C/O STAZIONE PORTA NUOVA, 10125 TORINO (TO)",https://www.esselunga.it/it-it/negozi/negozio.esselunga-di-torino-porta-nuova.top.html
Rivalta di Torino,Esselunga di Corso Bramante,"Corso Bramante, 21, 10134 Torino (TO)",https://www.esselunga.it/it-it/negozi/negozio.esselunga-di-corso-bramante-torino.bra.html
Stradella,Esselunga di Broni,"QUARTIERE PIAVE, 53, 27043 BRONI (PV)",https://www.esselunga.it/it-it/negozi/negozio.esselunga-di-broni.bro.html
Aicurzio,Esselunga di Cernusco Lombardone,"VIA CAVALIERI VITTORIO VENETO, 117, 23870 CERNUSCO LOMBARDONE (LC)",https://www.esselunga.it/it-it/negozi/negozio.esselunga-di-cernusco-lombardone.clo.html
Castell'Alfero,Esselunga di corso Casale,"CORSO CASALE, 319, 14100 ASTI (AT)",https://www.esselunga.it/it-it/negozi/negozio.esselunga-di-corso-casale-asti.agr.html
Caronno Pertusella,Esselunga di Solaro,"VIA VARESE, 57, 20033 SOLARO (MI)",https://www.esselunga.it/it-it/negozi/negozio.esselunga-di-solaro.sol.html
Caronno Pertusella,Esselunga di Garbagnate,"VIA 1° MAGGIO, 20024 GARBAGNATE (MI)",https://www.esselunga.it/it-it/negozi/negozio.esselunga-di-garbagnate.gam.html
Bagno a Ripoli,Esselunga del Gignoro,"VIA DEL GIGNORO (ANG. VIA CALASSO, 19), 50135 FIRENZE (FI)",https://www.esselunga.it/it-it/negozi/negozio.esselunga-del-gignoro-firenze.gin.html
Bagno a Ripoli,Esselunga di viale De Amicis,"VIALE DE AMICIS 89/B, 50137 FIRENZE (FI)",https://www.esselunga.it/it-it/negozi/negozio.esselunga-di-viale-de-amicis-firenze.dea.html
Bagno a Ripoli,Esselunga di via Masaccio,"VIA MASACCIO, 274/276, 50132 FIRENZE (FI)",https://www.esselunga.it/it-it/negozi/negozio.esselunga-di-via-masaccio-firenze.mas.html
Lastra a Signa,Esselunga di Campi Bisenzio,"VIA MAGENTA, 50013 CAMPI BISENZIO (FI)",https://www.esselunga.it/it-it/negozi/negozio.esselunga-di-campi-bisenzio.zio.html
Monticello Brianza,Esselunga di Casatenovo,"VIA ROMA - LOCALITA' CASCINA LEVADA, 23880 CASATENOVO (LC)",https://www.esselunga.it/it-it/negozi/negozio.esselunga-di-casatenovo.cno.html
Forte dei Marmi,Esselunga di Camaiore,"VIALE KENNEDY, 55041 CAMAIORE (LU)",https://www.esselunga.it/it-it/negozi/negozio.esselunga-di-camaiore.ore.html
Cervesina,Esselunga di Voghera,"VIALE MONTEBELLO, 2/4, 27058 VOGHERA (PV)",https://www.esselunga.it/it-it/negozi/negozio.esselunga-di-voghera.vog.html
Milano,laESSE VIA MERCATO,"via Mercato, 1, 20121 MILANO (MI)",https://www.esselunga.it/it-it/negozi/negozio.laesse-via-mercato-milano.merr.html
Milano,LE ECCELLENZE DI ESSELUNGA,"Via Spadari, 4, 20123 Milano (MI)",https://www.esselunga.it/it-it/negozi/negozio.le-eccellenze-di-esselunga-milano.spar.html
Milano,laESSE CORSO ITALIA,"CORSO ITALIA 3 MILANO, 20122 MILANO (MI)",https://www.esselunga.it/it-it/negozi/negozio.laesse-corso-italia-milano.itar.html
Milano,laESSE CORSO GENOVA,"Corso Genova, 19, 20123 MILANO (MI)",https://www.esselunga.it/it-it/negozi/negozio.laesse-corso-genova-milano.ovar.html
Milano,laESSE MILANO LARGO AUGUSTO,"LARGO AUGUSTO 8, 20122 MILANO (MI)",https://www.esselunga.it/it-it/negozi/negozio.laesse-milano-largo-augusto.laur.html
Milano,Esselunga di Porta Nuova,"VIALE DON LUIGI STURZO, 13, 20154 MILANO (MI)",https://www.esselunga.it/it-it/negozi/negozio.esselunga-di-porta-nuova-milano.pon.html
Milano,Esselunga di viale Piave,"VIALE PIAVE, 38/B, 20129 MILANO (MI)",https://www.esselunga.it/it-it/negozi/negozio.esselunga-di-viale-piave-milano.pve.html
Milano,laESSE MONTENERO,"VIALE MONTE NERO, ANG. VIA FOGAZZARO MILANO, 20135 MILANO (MI)",https://www.esselunga.it/it-it/negozi/negozio.laesse-montenero-milano.nerr.html
Milano,Esselunga di via Pietro Calvi,"VIA MANCINI 2/4, 20129 MILANO (MI)",https://www.esselunga.it/it-it/negozi/negozio.esselunga-di-via-pietro-calvi-milano.mar.html
Milano,laESSE MELCHIORRE GIOIA,"via Melchiorre Gioia, 57, 20124 MILANO (MI)",https://www.esselunga.it/it-it/negozi/negozio.laesse-melchiorre-gioia-milano.mgar.html
Milano,Esselunga di Viale Tibaldi,"VIALE TIBALDI, 7, 20136 MILANO (MI)",https://www.esselunga.it/it-it/negozi/negozio.esselunga-di-viale-tibaldi-milano.tid.html
Milano,laESSE CORSO BUENOS AIRES,"CORSO BUENOS AIRES 59, 20124 MILANO (MI)",https://www.esselunga.it/it-it/negozi/negozio.laesse-corso-buenos-aires-milano.airr.html
Milano,Esselunga di via Ripamonti,"VIA CARLO DE ANGELI, 1, 20141 MILANO (MI)",https://www.esselunga.it/it-it/negozi/negozio.esselunga-di-via-ripamonti-milano.rip.html
Milano,Esselunga di viale Umbria,"VIALE UMBRIA, 28, 20135 MILANO (MI)",https://www.esselunga.it/it-it/negozi/negozio.esselunga-di-viale-umbria-milano.umb.html
Milano,Esselunga di via Pezzotti,"VIA PEZZOTTI (ANG.VIA S.AMPELLIO), 20141 MILANO (MI)",https://www.esselunga.it/it-it/negozi/negozio.esselunga-di-via-pezzotti-milano.pez.html
Milano,Esselunga di Porta Vittoria,"via Giovanni Cena, 8, 20135 MILANO (MI)",https://www.esselunga.it/it-it/negozi/negozio.esselunga-di-porta-vittoria-milano.vit.html
Milano,Esselunga di viale Jenner,"VIA LEGNONE (ANG. VIALE JENNER), 20158 MILANO (MI)",https://www.esselunga.it/it-it/negozi/negozio.esselunga-di-viale-jenner-milano.jen.html
Milano,laEsse MILANO CITTA STUDI,"Via Temistocle Calzecchi n. 17, 20133 Milano (MI)",https://www.esselunga.it/it-it/negozi/negozio.laesse-milano-citta-studi.udir.html
Milano,Esselunga di Piazza Ovidio,"VIA TOSCOLANO (ANG. PIAZZA OVIDIO), 20138 MILANO (MI)",https://www.esselunga.it/it-it/negozi/negozio.esselunga-di-piazza-ovidio-milano.ovi.html
Milano,Esselunga di via Feltre,"VIA FELTRE, 40, 20134 MILANO (MI)",https://www.esselunga.it/it-it/negozi/negozio.esselunga-di-via-feltre-milano.fel.html
Milano,Esselunga di via dei Missaglia,"VIA DEI MISSAGLIA, 61/A, 20142 MILANO (MI)",https://www.esselunga.it/it-it/negozi/negozio.esselunga-di-via-dei-missaglia-milano.mis.html
Milano,Esselunga di Sesto San Giovanni,"VIA ROVANI ANG. VIA N. SAURO, 20099 SESTO SAN GIOVANNI (MI)",https://www.esselunga.it/it-it/negozi/negozio.esselunga-di-sesto-san-giovanni.sto.html
Tortona,Esselunga di Tortona,"VIA SACCAGGI/CORSO REPUBBLICA, 15057 TORTONA (AL)",https://www.esselunga.it/it-it/negozi/negozio.esselunga-di-tortona.tot.html
Brugherio,Esselunga di Pioltello,"VIALE SAN FRANCESCO, 30, 20096 PIOLTELLO (MI)",https://www.esselunga.it/it-it/negozi/negozio.esselunga-di-pioltello.pio.html
Brugherio,Esselunga di via Adriano,"VIA ADRIANO, 81, 20128 MILANO (MI)",https://www.esselunga.it/it-it/negozi/negozio.esselunga-di-via-adriano-milano.adr.html
Brugherio,Esselunga di Segrate,"VIA OLGIA 4, ANG. S.S. CASSANESE, 20090 SEGRATE (MI)",https://www.esselunga.it/it-it/negozi/negozio.esselunga-di-segrate.seg.html
Albairate,Esselunga di Abbiategrasso,"VIA DANTE, 41, 20081 ABBIATEGRASSO (MI)",https://www.esselunga.it/it-it/negozi/negozio.esselunga-di-abbiategrasso.abb.html
Guardamiglio,Esselunga di via Conciliazione,"VIA DELLA CONCILIAZIONE, 29100 PIACENZA (PC)",https://www.esselunga.it/it-it/negozi/negozio.esselunga-di-via-conciliazione-piacenza.pia.html
Guardamiglio,Esselunga di via Manfredi,"via Manfredi 55/C , 29100 PIACENZA (PC)",https://www.esselunga.it/it-it/negozi/negozio.esselunga-di-via-manfredi-piacenza.pim.html
Nova Milanese,Esselunga di Lissone,"VIA NOVELLI, 20, 20851 LISSONE (MB)",https://www.esselunga.it/it-it/negozi/negozio.esselunga-di-lissone.lis.html
Mantova,Esselunga di Mantova,"PIAZZALE ARNOLDO MONDADORI, 2, 46100 MANTOVA (MN)",https://www.esselunga.it/it-it/negozi/negozio.esselunga-di-mantova.man.html
Vezzano Ligure,Esselunga di La Spezia,"LA SPEZIA: CORSO NAZIONALE, 578, 19125 LA SPEZIA (SP)",https://www.esselunga.it/it-it/negozi/negozio.esselunga-di-la-spezia.spe.html
Cazzago San Martino,Esselunga di Cortefranca,"via Roma 117, 25040 Corte Franca (BS)",https://www.esselunga.it/it-it/negozi/negozio.esselunga-di-cortefranca-corte-franca.cof.html
Firenze,Esselunga di via Milanesi,"VIA MILANESI, 32/34, 50134 FIRENZE (FI)",https://www.esselunga.it/it-it/negozi/negozio.esselunga-di-via-milanesi-firenze.mia.html
Firenze,Esselunga di via Galliano,"VIA GALLIANO, 136, 50144 FIRENZE (FI)",https://www.esselunga.it/it-it/negozi/negozio.esselunga-di-via-galliano-firenze.all.html
Firenze,Esselunga di via Pisana,"VIA PISANA, 130/132, 50143 FIRENZE (FI)",https://www.esselunga.it/it-it/negozi/negozio.esselunga-di-via-pisana-firenze.pis.html
Firenze,Esselunga di via Di Novoli,"VIA DI NOVOLI, 61, 50127 FIRENZE (FI)",https://www.esselunga.it/it-it/negozi/negozio.esselunga-di-via-di-novoli-firenze.oli.html
Firenze,Esselunga di via Canova,"VIA CANOVA, 164/8, 50142 FIRENZE (FI)",https://www.esselunga.it/it-it/negozi/negozio.esselunga-di-via-canova-firenze.can.html
Firenze,Esselunga del Galluzzo,"VIA SENESE, 194/G, 50125 FIRENZE (FI)",https://www.esselunga.it/it-it/negozi/negozio.esselunga-del-galluzzo-firenze.uzz.html
Firenze,Esselunga di Sesto Fiorentino,"VIA GRAMSCI, 544/546, 50019 SESTO FIORENTINO (FI)",https://www.esselunga.it/it-it/negozi/negozio.esselunga-di-sesto-fiorentino.sef.html
Carrara,Esselunga di piazza Matteotti,"PIAZZA MATTEOTTI, 7, 54033 CARRARA (MS)",https://www.esselunga.it/it-it/negozi/negozio.esselunga-di-piazza-matteotti-carrara.cai.html
Carrara,Esselunga di viale XX settembre,"VIALE XX SETTEMBRE (ANG. VIA AURELIA) LOC.TURIGLIANO, 54033 CARRARA (MS)",https://www.esselunga.it/it-it/negozi/negozio.esselunga-di-viale-xx-settembre-carrara.car.html
Carrara,Esselunga di Massa,"VIALE ROMA, 191, 54100 MASSA (MS)",https://www.esselunga.it/it-it/negozi/negozio.esselunga-di-massa.ass.html
Selvino,Esselunga di Nembro,"VIA CASCINA COLOMBAIA, 3, 24027 NEMBRO (BG)",https://www.esselunga.it/it-it/negozi/negozio.esselunga-di-nembro.nem.html
Sassuolo,Esselunga di Sassuolo,"CIRCONVALLAZIONE NORD EST 231, 41049 SASSUOLO (MO)",https://www.esselunga.it/it-it/negozi/negozio.esselunga-di-sassuolo.uol.html
Varallo Pombia,Esselunga di Castelletto Ticino,"STRADA STATALE 32/33 - LOCALITA' TRE STRADE, 28053 CASTELLETTO TICINO (NO)",https://www.esselunga.it/it-it/negozi/negozio.esselunga-di-castelletto-ticino.cat.html
Varallo Pombia,Esselunga di Sesto Calende,"VIA VITTORIO VENETO 15/19, 21018 SESTO CALENDE (VA)",https://www.esselunga.it/it-it/negozi/negozio.esselunga-di-sesto-calende.sca.html
Monteviale,Esselunga di Vicenza - loc Ponte Alto,"STRADA PADANA SUPERIORE VERSO VERONA, 19, 36100 VICENZA (VI)",https://www.esselunga.it/it-it/negozi/negozio.esselunga-di-vicenza---loc-ponte-alto.vic.html
Tradate,Esselunga di Venegono,"VIA F.LLI KENNEDY (ANG. DAMIANO CHIESA), 21040 VENEGONO INFERIORE (VA)",https://www.esselunga.it/it-it/negozi/negozio.esselunga-di-venegono-venegono-inferiore.ven.html
Parma,Esselunga della via emilia,"VIA EMILIA EST, 230/A, 43100 PARMA (PR)",https://www.esselunga.it/it-it/negozi/negozio.esselunga-della-via-emilia-parma.pae.html
Parma,Esselunga di via Giuseppe Verdi,"VIA GIUSEPPE VERDI, 5/7, 43121 PARMA (PR)",https://www.esselunga.it/it-it/negozi/negozio.esselunga-di-via-giuseppe-verdi-parma.ver.html
Parma,Esselunga di via Traversetolo,"VIA PERTINI, 14/A, 43100 PARMA (PR)",https://www.esselunga.it/it-it/negozi/negozio.esselunga-di-via-traversetolo-parma.pat.html
Parma,Esselunga di via Emilia Ovest,"VIA NAPOLEONE COLAJANNI, 43126 PARMA (PR)",https://www.esselunga.it/it-it/negozi/negozio.esselunga-di-via-emilia-ovest-parma.peo.html
San Giuliano Terme,Esselunga di San Concordio,"VIALE SAN CONCORDIO, 665, 55100 LUCCA (LU)",https://www.esselunga.it/it-it/negozi/negozio.esselunga-di-san-concordio-lucca.sco.html
Balzola,Esselunga di Casale Monferrato,"via Rita Levi Montalcini, 1 , 15033 CASALE MONFERRATO (AL)",https://www.esselunga.it/it-it/negozi/negozio.esselunga-di-casale-monferrato.cas.html
Malnate,Esselunga di Solbiate Comasco,"VIA ROMA, 19, 22070 SOLBIATE COMASCO (CO)",https://www.esselunga.it/it-it/negozi/negozio.esselunga-di-solbiate-comasco.soc.html
San Martino Siccomario,Esselunga di Pavia,"VIA FABIO FILZI, 6 - ALLA MINERVA, 27100 PAVIA (PV)",https://www.esselunga.it/it-it/negozi/negozio.esselunga-di-pavia.via.html
Lucca,Esselunga dell'Arancio,"via Dante Alighieri, 25 (ang. via di Tempagnano), 55100 LUCCA (LU)",https://www.esselunga.it/it-it/negozi/negozio.esselunga-dell'arancio-lucca.lar.html
Lucca,Esselunga di viale Del Prete,"VIALE CARLO DEL PRETE, 565, 55100 LUCCA (LU)",https://www.esselunga.it/it-it/negozi/negozio.esselunga-di-viale-del-prete-lucca.pre.html
Lucca,Esselunga di Marlia,"MARLIA , STATALE N. 12 DELL'ABETONE E DEL BRENNERO, 44, 55014 CAPANNORI (LU)",https://www.esselunga.it/it-it/negozi/negozio.esselunga-di-marlia-capannori.lia.html
Verona,Esselunga alla Fiera,"VIALE DEL LAVORO, 15, 37135 VERONA (VR)",https://www.esselunga.it/it-it/negozi/negozio.esselunga-alla-fiera-verona.fie.html
Verona,Esselunga di Verona,"CORSO MILANO, 100, 37138 VERONA (VR)",https://www.esselunga.it/it-it/negozi/negozio.esselunga-di-verona.veo.html
Verona,Esselunga di via Fincato,"VIA COLONNELLO FINCATO, 296, 37131 VERONA (VR)",https://www.esselunga.it/it-it/negozi/negozio.esselunga-di-via-fincato-verona.fin.html
Prato,Esselunga di viale Galilei,"VIALE GALILEI, 235, 59100 PRATO (PO)",https://www.esselunga.it/it-it/negozi/negozio.esselunga-di-viale-galilei-prato.lei.html
Alassio,Esselunga di Albenga,"Regione Cime di Leca 24, 17031 Albenga (SV)",https://www.esselunga.it/it-it/negozi/negozio.esselunga-di-albenga.eng.html
Capannori,Esselunga di Porcari,"VIA PUCCINI, 2, 55016 PORCARI (LU)",https://www.esselunga.it/it-it/negozi/negozio.esselunga-di-porcari.ari.html
Asti,Esselunga di corso Torino,"CORSO IVREA ANG. CORSO TORINO, 14100 ASTI (AT)",https://www.esselunga.it/it-it/negozi/negozio.esselunga-di-corso-torino-asti.api.html
Cadelbosco di Sopra,Esselunga di Reggio Emilia,"VIALE TIMAVO, 35, 42100 REGGIO EMILIA (RE)",https://www.esselunga.it/it-it/negozi/negozio.esselunga-di-reggio-emilia.rem.html
Modena,Esselunga di Modena,"VIA MORANE, 240, 41100 MODENA (MO)",https://www.esselunga.it/it-it/negozi/negozio.esselunga-di-modena.mod.html
Modena,Esselunga di via Canaletto,"Strada Canaletto Sud n. 109, 41122 Modena (MO)",https://www.esselunga.it/it-it/negozi/negozio.esselunga-di-via-canaletto-modena.ett.html
Zola Predosa,Esselunga di Casalecchio di Reno,"PIAZZA DEGLI ETRUSCHI, 2, 40033 CASALECCHIO DI RENO (BO)",https://www.esselunga.it/it-it/negozi/negozio.esselunga-di-casalecchio-di-reno.eno.html
Vigevano,Esselunga di Vigevano,"VIA SANTA MARIA 51 (ANG.VIALE DEL COMMERCIO), 27029 VIGEVANO (PV)",https://www.esselunga.it/it-it/negozi/negozio.esselunga-di-vigevano.viv.html
Peschiera Borromeo,Esselunga di via Rubattino,"VIA PITTERI, 84, 20134 MILANO (MI)",https://www.esselunga.it/it-it/negozi/negozio.esselunga-di-via-rubattino-milano.rub.html
Genova,Esselunga di via Piave,"via Piave, 5, 16145 GENOVA (GE)",https://www.esselunga.it/it-it/negozi/negozio.esselunga-di-via-piave-genova.gep.html
Genova,Esselunga di via di Francia Angolo Via Albertazzi,"VIA DI FRANCIA ANGOLO VIA ALBERTAZZI, 16149 GENOVA (GE)",https://www.esselunga.it/it-it/negozi/negozio.esselunga-di-via-di-francia-angolo-via-albertazzi-genova.ben.html
Livorno,Esselunga di Livorno,"VIALE FRANCESCO PETRARCA, 85, 57124 LIVORNO (LI)",https://www.esselunga.it/it-it/negozi/negozio.esselunga-di-livorno.liv.html
Arezzo,Esselunga di Arezzo,"VIALE LEONARDO DA VINCI, 20 (ANG. VIA SALA VECCHIA), 52100 AREZZO (AR)",https://www.esselunga.it/it-it/negozi/negozio.esselunga-di-arezzo.ezz.html
Roma,laESSE ROMA TOMACELLI,"Roma Via Tomacelli 25, 00186 ROMA (RM)",https://www.esselunga.it/it-it/negozi/negozio.laesse-roma-tomacelli.tomr.html
Roma,Esselunga di viale Liegi,"Viale Liegi 18 - Roma, 00198 Roma (RM)",https://www.esselunga.it/it-it/negozi/negozio.esselunga-di-viale-liegi-roma.egi.html
Roma,laESSE VIA COLA DI RIENZO,"via Cola Di Rienzo, 173, 00192 ROMA (RM)",https://www.esselunga.it/it-it/negozi/negozio.laesse-via-cola-di-rienzo-roma.colr.html
Ravenna,Esselunga di Ravenna,"via Antica Milizia, 45, 48121 RAVENNA (RA)",https://www.esselunga.it/it-it/negozi/negozio.esselunga-di-ravenna.rav.html
Cremona,Esselunga di Cremona,"VIA GHISLERI (ANG. VIA RIALTO), 26100 CREMONA (CR)",https://www.esselunga.it/it-it/negozi/negozio.esselunga-di-cremona.cre.html
Pecetto di Valenza,Esselunga di Valenza,"VIALE DELLA REPUBBLICA (ANGOLO VIA BRESCIA), 15048 VALENZA (AL)",https://www.esselunga.it/it-it/negozi/negozio.esselunga-di-valenza.val.html
Camaiore,Esselunga di Viareggio,"VIA AURELIA NORD, 166/168, 55049 VIAREGGIO (LU)",https://www.esselunga.it/it-it/negozi/negozio.esselunga-di-viareggio.vir.html
Alessandria,Esselunga di Alessandria,"CORSO BORSALINO, 15100 ALESSANDRIA (AL)",https://www.esselunga.it/it-it/negozi/negozio.esselunga-di-alessandria.ale.html
Aprilia,Esselunga di Aprilia,"via Misurata 8, 04011 APRILIA (LT)",https://www.esselunga.it/it-it/negozi/negozio.esselunga-di-aprilia.rap.html
